id,company_name,email,phone,slogan
1,Vipe,fnovik0@independent.co.uk,301-996-8558,incubate intuitive infomediaries
2,Zoonoodle,hgrandin1@geocities.com,548-714-8860,engage user-centric e-markets
3,InnoZ,wjolliss2@chron.com,711-942-8187,transition strategic web services
4,Brightbean,mcowitz3@g.co,768-834-4194,synergize back-end applications
5,Tagopia,bcoleby4@slashdot.org,670-785-6754,enable impactful infrastructures
6,Realcube,hsegge5@opera.com,630-279-0441,generate turn-key bandwidth
7,Kanoodle,nbulluck6@bloglines.com,785-467-3941,cultivate ubiquitous deliverables
8,Latz,pfetherstan7@huffingtonpost.com,377-832-1179,repurpose distributed partnerships
9,Quatz,lbirdsall8@skype.com,480-714-0744,visualize next-generation solutions
10,Fatz,dstory9@google.de,909-316-8138,transform bleeding-edge functionalities
11,Feedfire,dfridayea@ibm.com,707-692-8113,utilize out-of-the-box markets
12,Youbridge,pjoulesb@nature.com,837-722-3111,aggregate world-class initiatives
13,Skynoodle,gsharkc@dropbox.com,595-289-8977,visualize plug-and-play bandwidth
14,Oodoo,erohlfsd@angelfire.com,357-549-7422,strategize B2B communities
15,Livetube,dmcnivene@miibeian.gov.cn,243-309-7520,envisioneer compelling networks
16,Skiptube,uhambidgef@stumbleupon.com,915-611-3424,transition plug-and-play solutions
17,Dabjam,nstribblingg@disqus.com,212-802-5833,aggregate robust action-items
18,Avamm,drojah@mtv.com,215-500-8786,leverage integrated metrics
19,Edgetag,lphilliskirki@ezinearticles.com,943-378-7833,integrate 24/365 synergies
20,Photobean,bboatj@1688.com,550-746-8971,exploit ubiquitous users
21,Zoonoodle,tmajuryk@oaic.gov.au,990-470-8302,engage best-of-breed technologies
22,Buzzster,bdiklel@51.la,305-256-1042,e-enable turn-key e-tailers
23,Ooba,wmackonochiem@ucoz.com,840-831-3827,enable bricks-and-clicks convergence
24,Riffpath,jnewberryn@abc.net.au,517-958-2027,monetize best-of-breed content
25,Innojam,jmeiero@qq.com,822-525-2518,maximize extensible systems
26,Jabberbean,fmoubrayp@a8.net,122-769-1584,orchestrate back-end communities
27,Flashpoint,bgoodburq@sohu.com,729-628-3407,morph wireless platforms
28,Youfeed,benticottr@netlog.com,507-671-1562,recontextualize clicks-and-mortar relationships
29,Buzzbean,gizacs@tinypic.com,443-739-8440,drive proactive e-tailers
30,Demizz,gtuckeyt@usgs.gov,389-878-2615,monetize transparent interfaces
31,Meembee,wbraunu@senate.gov,349-531-6007,enhance integrated portals
32,Yakidoo,haylottv@meetup.com,220-224-0339,deliver real-time networks
33,Devcast,kcoghillw@tamu.edu,841-512-7282,brand strategic paradigms
34,BlogXS,atilsonx@ucoz.com,373-914-1980,whiteboard bleeding-edge web services
35,Edgetag,hsatchelly@nymag.com,672-212-7905,unleash sticky web-readiness
36,Jetwire,rflorioz@cdc.gov,595-715-4350,enhance B2C relationships
37,Dabjam,ebrewers10@webnode.com,316-691-2298,evolve user-centric solutions
38,Quamba,eiacobetto11@elegantthemes.com,223-875-8978,facilitate wireless infomediaries
39,Kwimbee,pfiennes12@prweb.com,997-496-2975,enhance customized e-business
40,Eire,kpaunsford13@bloomberg.com,271-489-8616,utilize cutting-edge portals
41,Voonyx,prowlatt14@slate.com,896-587-3230,streamline turn-key e-markets
42,Youopia,hgillitt15@narod.ru,611-491-5102,morph sexy content
43,Photobug,iwimpenny16@w3.org,823-595-4047,brand mission-critical platforms
44,Riffpath,escoyles17@miibeian.gov.cn,773-937-4532,enhance vertical content
45,Skivee,smorecombe18@sohu.com,505-898-7514,drive enterprise interfaces
46,Riffwire,oraynham19@nifty.com,690-772-7077,seize granular bandwidth
47,Aibox,fkeetch1a@chron.com,790-704-2173,reintermediate granular eyeballs
48,Zoombox,mdumblton1b@about.me,884-791-5439,orchestrate killer e-commerce
49,Zoomcast,rhann1c@seattletimes.com,445-429-2946,incentivize virtual networks
50,Linktype,mdavydochkin1d@sitemeter.com,974-429-7929,mesh killer e-tailers
